ObjectId,Indicator,Unit,Date,Value,Years
897,Monthly Atmospheric Carbon Dioxide Concentrations,Parts Per Million,1996M01,362.2,1996
898,"Monthly Atmospheric Carbon Dioxide Concentrations, Year on Year Percentage Change",Percent,1996M01,0.6,1996
899,Monthly Atmospheric Carbon Dioxide Concentrations,Parts Per Million,1996M02,363.36,1996
900,"Monthly Atmospheric Carbon Dioxide Concentrations, Year on Year Percentage Change",Percent,1996M02,0.65,1996
901,Monthly Atmospheric Carbon Dioxide Concentrations,Parts Per Million,1996M03,364.28,1996
902,"Monthly Atmospheric Carbon Dioxide Concentrations, Year on Year Percentage Change",Percent,1996M03,0.64,1996
903,Monthly Atmospheric Carbon Dioxide Concentrations,Parts Per Million,1996M04,364.69,1996
904,"Monthly Atmospheric Carbon Dioxide Concentrations, Year on Year Percentage Change",Percent,1996M04,0.34,1996
905,Monthly Atmospheric Carbon Dioxide Concentrations,Parts Per Million,1996M05,365.25,1996
906,"Monthly Atmospheric Carbon Dioxide Concentrations, Year on Year Percentage Change",Percent,1996M05,0.39,1996
907,Monthly Atmospheric Carbon Dioxide Concentrations,Parts Per Million,1996M06,365.06,1996
908,"Monthly Atmospheric Carbon Dioxide Concentrations, Year on Year Percentage Change",Percent,1996M06,0.48,1996
909,Monthly Atmospheric Carbon Dioxide Concentrations,Parts Per Million,1996M07,363.69,1996
910,"Monthly Atmospheric Carbon Dioxide Concentrations, Year on Year Percentage Change",Percent,1996M07,0.53,1996
911,Monthly Atmospheric Carbon Dioxide Concentrations,Parts Per Million,1996M08,361.55,1996
912,"Monthly Atmospheric Carbon Dioxide Concentrations, Year on Year Percentage Change",Percent,1996M08,0.62,1996
913,Monthly Atmospheric Carbon Dioxide Concentrations,Parts Per Million,1996M09,359.69,1996
914,"Monthly Atmospheric Carbon Dioxide Concentrations, Year on Year Percentage Change",Percent,1996M09,0.38,1996
915,Monthly Atmospheric Carbon Dioxide Concentrations,Parts Per Million,1996M10,359.72,1996
916,"Monthly Atmospheric Carbon Dioxide Concentrations, Year on Year Percentage Change",Percent,1996M10,0.44,1996
917,Monthly Atmospheric Carbon Dioxide Concentrations,Parts Per Million,1996M11,361.04,1996
918,"Monthly Atmospheric Carbon Dioxide Concentrations, Year on Year Percentage Change",Percent,1996M11,0.4,1996
919,Monthly Atmospheric Carbon Dioxide Concentrations,Parts Per Million,1996M12,362.39,1996
920,"Monthly Atmospheric Carbon Dioxide Concentrations, Year on Year Percentage Change",Percent,1996M12,0.44,1996
921,Monthly Atmospheric Carbon Dioxide Concentrations,Parts Per Million,1997M01,363.24,1997
922,"Monthly Atmospheric Carbon Dioxide Concentrations, Year on Year Percentage Change",Percent,1997M01,0.29,1997
923,Monthly Atmospheric Carbon Dioxide Concentrations,Parts Per Million,1997M02,364.21,1997
924,"Monthly Atmospheric Carbon Dioxide Concentrations, Year on Year Percentage Change",Percent,1997M02,0.23,1997
925,Monthly Atmospheric Carbon Dioxide Concentrations,Parts Per Million,1997M03,364.65,1997
926,"Monthly Atmospheric Carbon Dioxide Concentrations, Year on Year Percentage Change",Percent,1997M03,0.1,1997
927,Monthly Atmospheric Carbon Dioxide Concentrations,Parts Per Million,1997M04,366.48,1997
928,"Monthly Atmospheric Carbon Dioxide Concentrations, Year on Year Percentage Change",Percent,1997M04,0.49,1997
929,Monthly Atmospheric Carbon Dioxide Concentrations,Parts Per Million,1997M05,366.77,1997
930,"Monthly Atmospheric Carbon Dioxide Concentrations, Year on Year Percentage Change",Percent,1997M05,0.42,1997
931,Monthly Atmospheric Carbon Dioxide Concentrations,Parts Per Million,1997M06,365.73,1997
932,"Monthly Atmospheric Carbon Dioxide Concentrations, Year on Year Percentage Change",Percent,1997M06,0.18,1997
933,Monthly Atmospheric Carbon Dioxide Concentrations,Parts Per Million,1997M07,364.46,1997
934,"Monthly Atmospheric Carbon Dioxide Concentrations, Year on Year Percentage Change",Percent,1997M07,0.21,1997
935,Monthly Atmospheric Carbon Dioxide Concentrations,Parts Per Million,1997M08,362.4,1997
936,"Monthly Atmospheric Carbon Dioxide Concentrations, Year on Year Percentage Change",Percent,1997M08,0.24,1997
937,Monthly Atmospheric Carbon Dioxide Concentrations,Parts Per Million,1997M09,360.44,1997
938,"Monthly Atmospheric Carbon Dioxide Concentrations, Year on Year Percentage Change",Percent,1997M09,0.21,1997
939,Monthly Atmospheric Carbon Dioxide Concentrations,Parts Per Million,1997M10,360.98,1997
940,"Monthly Atmospheric Carbon Dioxide Concentrations, Year on Year Percentage Change",Percent,1997M10,0.35,1997
941,Monthly Atmospheric Carbon Dioxide Concentrations,Parts Per Million,1997M11,362.65,1997
942,"Monthly Atmospheric Carbon Dioxide Concentrations, Year on Year Percentage Change",Percent,1997M11,0.45,1997
943,Monthly Atmospheric Carbon Dioxide Concentrations,Parts Per Million,1997M12,364.51,1997
944,"Monthly Atmospheric Carbon Dioxide Concentrations, Year on Year Percentage Change",Percent,1997M12,0.59,1997
945,Monthly Atmospheric Carbon Dioxide Concentrations,Parts Per Million,1998M01,365.39,1998
946,"Monthly Atmospheric Carbon Dioxide Concentrations, Year on Year Percentage Change",Percent,1998M01,0.59,1998
947,Monthly Atmospheric Carbon Dioxide Concentrations,Parts Per Million,1998M02,366.1,1998
948,"Monthly Atmospheric Carbon Dioxide Concentrations, Year on Year Percentage Change",Percent,1998M02,0.52,1998
949,Monthly Atmospheric Carbon Dioxide Concentrations,Parts Per Million,1998M03,367.36,1998
950,"Monthly Atmospheric Carbon Dioxide Concentrations, Year on Year Percentage Change",Percent,1998M03,0.74,1998
951,Monthly Atmospheric Carbon Dioxide Concentrations,Parts Per Million,1998M04,368.79,1998
952,"Monthly Atmospheric Carbon Dioxide Concentrations, Year on Year Percentage Change",Percent,1998M04,0.63,1998
953,Monthly Atmospheric Carbon Dioxide Concentrations,Parts Per Million,1998M05,369.56,1998
954,"Monthly Atmospheric Carbon Dioxide Concentrations, Year on Year Percentage Change",Percent,1998M05,0.76,1998
955,Monthly Atmospheric Carbon Dioxide Concentrations,Parts Per Million,1998M06,369.13,1998
956,"Monthly Atmospheric Carbon Dioxide Concentrations, Year on Year Percentage Change",Percent,1998M06,0.93,1998
957,Monthly Atmospheric Carbon Dioxide Concentrations,Parts Per Million,1998M07,367.98,1998
958,"Monthly Atmospheric Carbon Dioxide Concentrations, Year on Year Percentage Change",Percent,1998M07,0.97,1998
959,Monthly Atmospheric Carbon Dioxide Concentrations,Parts Per Million,1998M08,366.1,1998
960,"Monthly Atmospheric Carbon Dioxide Concentrations, Year on Year Percentage Change",Percent,1998M08,1.02,1998
961,Monthly Atmospheric Carbon Dioxide Concentrations,Parts Per Million,1998M09,364.16,1998
962,"Monthly Atmospheric Carbon Dioxide Concentrations, Year on Year Percentage Change",Percent,1998M09,1.03,1998
963,Monthly Atmospheric Carbon Dioxide Concentrations,Parts Per Million,1998M10,364.54,1998
964,"Monthly Atmospheric Carbon Dioxide Concentrations, Year on Year Percentage Change",Percent,1998M10,0.99,1998
965,Monthly Atmospheric Carbon Dioxide Concentrations,Parts Per Million,1998M11,365.67,1998
966,"Monthly Atmospheric Carbon Dioxide Concentrations, Year on Year Percentage Change",Percent,1998M11,0.83,1998
967,Monthly Atmospheric Carbon Dioxide Concentrations,Parts Per Million,1998M12,367.3,1998
968,"Monthly Atmospheric Carbon Dioxide Concentrations, Year on Year Percentage Change",Percent,1998M12,0.77,1998
969,Monthly Atmospheric Carbon Dioxide Concentrations,Parts Per Million,1999M01,368.35,1999
970,"Monthly Atmospheric Carbon Dioxide Concentrations, Year on Year Percentage Change",Percent,1999M01,0.81,1999
971,Monthly Atmospheric Carbon Dioxide Concentrations,Parts Per Million,1999M02,369.28,1999
972,"Monthly Atmospheric Carbon Dioxide Concentrations, Year on Year Percentage Change",Percent,1999M02,0.87,1999
973,Monthly Atmospheric Carbon Dioxide Concentrations,Parts Per Million,1999M03,369.84,1999
974,"Monthly Atmospheric Carbon Dioxide Concentrations, Year on Year Percentage Change",Percent,1999M03,0.68,1999
975,Monthly Atmospheric Carbon Dioxide Concentrations,Parts Per Million,1999M04,371.15,1999
976,"Monthly Atmospheric Carbon Dioxide Concentrations, Year on Year Percentage Change",Percent,1999M04,0.64,1999
977,Monthly Atmospheric Carbon Dioxide Concentrations,Parts Per Million,1999M05,371.12,1999
978,"Monthly Atmospheric Carbon Dioxide Concentrations, Year on Year Percentage Change",Percent,1999M05,0.42,1999
979,Monthly Atmospheric Carbon Dioxide Concentrations,Parts Per Million,1999M06,370.46,1999
980,"Monthly Atmospheric Carbon Dioxide Concentrations, Year on Year Percentage Change",Percent,1999M06,0.36,1999
981,Monthly Atmospheric Carbon Dioxide Concentrations,Parts Per Million,1999M07,369.61,1999
982,"Monthly Atmospheric Carbon Dioxide Concentrations, Year on Year Percentage Change",Percent,1999M07,0.44,1999
983,Monthly Atmospheric Carbon Dioxide Concentrations,Parts Per Million,1999M08,367.06,1999
984,"Monthly Atmospheric Carbon Dioxide Concentrations, Year on Year Percentage Change",Percent,1999M08,0.26,1999
985,Monthly Atmospheric Carbon Dioxide Concentrations,Parts Per Million,1999M09,364.95,1999
986,"Monthly Atmospheric Carbon Dioxide Concentrations, Year on Year Percentage Change",Percent,1999M09,0.22,1999
987,Monthly Atmospheric Carbon Dioxide Concentrations,Parts Per Million,1999M10,365.52,1999
988,"Monthly Atmospheric Carbon Dioxide Concentrations, Year on Year Percentage Change",Percent,1999M10,0.27,1999
989,Monthly Atmospheric Carbon Dioxide Concentrations,Parts Per Million,1999M11,366.88,1999
990,"Monthly Atmospheric Carbon Dioxide Concentrations, Year on Year Percentage Change",Percent,1999M11,0.33,1999
991,Monthly Atmospheric Carbon Dioxide Concentrations,Parts Per Million,1999M12,368.26,1999
992,"Monthly Atmospheric Carbon Dioxide Concentrations, Year on Year Percentage Change",Percent,1999M12,0.26,1999
993,Monthly Atmospheric Carbon Dioxide Concentrations,Parts Per Million,2000M01,369.45,2000
994,"Monthly Atmospheric Carbon Dioxide Concentrations, Year on Year Percentage Change",Percent,2000M01,0.3,2000
995,Monthly Atmospheric Carbon Dioxide Concentrations,Parts Per Million,2000M02,369.71,2000
996,"Monthly Atmospheric Carbon Dioxide Concentrations, Year on Year Percentage Change",Percent,2000M02,0.12,2000
997,Monthly Atmospheric Carbon Dioxide Concentrations,Parts Per Million,2000M03,370.75,2000
998,"Monthly Atmospheric Carbon Dioxide Concentrations, Year on Year Percentage Change",Percent,2000M03,0.25,2000
999,Monthly Atmospheric Carbon Dioxide Concentrations,Parts Per Million,2000M04,371.98,2000
1000,"Monthly Atmospheric Carbon Dioxide Concentrations, Year on Year Percentage Change",Percent,2000M04,0.22,2000
1001,Monthly Atmospheric Carbon Dioxide Concentrations,Parts Per Million,2000M05,371.75,2000
1002,"Monthly Atmospheric Carbon Dioxide Concentrations, Year on Year Percentage Change",Percent,2000M05,0.17,2000
1003,Monthly Atmospheric Carbon Dioxide Concentrations,Parts Per Million,2000M06,371.87,2000
1004,"Monthly Atmospheric Carbon Dioxide Concentrations, Year on Year Percentage Change",Percent,2000M06,0.38,2000
1005,Monthly Atmospheric Carbon Dioxide Concentrations,Parts Per Million,2000M07,370.02,2000
1006,"Monthly Atmospheric Carbon Dioxide Concentrations, Year on Year Percentage Change",Percent,2000M07,0.11,2000
1007,Monthly Atmospheric Carbon Dioxide Concentrations,Parts Per Million,2000M08,368.27,2000
1008,"Monthly Atmospheric Carbon Dioxide Concentrations, Year on Year Percentage Change",Percent,2000M08,0.33,2000
1009,Monthly Atmospheric Carbon Dioxide Concentrations,Parts Per Million,2000M09,367.15,2000
1010,"Monthly Atmospheric Carbon Dioxide Concentrations, Year on Year Percentage Change",Percent,2000M09,0.6,2000
1011,Monthly Atmospheric Carbon Dioxide Concentrations,Parts Per Million,2000M10,367.18,2000
1012,"Monthly Atmospheric Carbon Dioxide Concentrations, Year on Year Percentage Change",Percent,2000M10,0.45,2000
1013,Monthly Atmospheric Carbon Dioxide Concentrations,Parts Per Million,2000M11,368.53,2000
1014,"Monthly Atmospheric Carbon Dioxide Concentrations, Year on Year Percentage Change",Percent,2000M11,0.45,2000
1015,Monthly Atmospheric Carbon Dioxide Concentrations,Parts Per Million,2000M12,369.83,2000
1016,"Monthly Atmospheric Carbon Dioxide Concentrations, Year on Year Percentage Change",Percent,2000M12,0.43,2000
1017,Monthly Atmospheric Carbon Dioxide Concentrations,Parts Per Million,2001M01,370.76,2001
1018,"Monthly Atmospheric Carbon Dioxide Concentrations, Year on Year Percentage Change",Percent,2001M01,0.35,2001
1019,Monthly Atmospheric Carbon Dioxide Concentrations,Parts Per Million,2001M02,371.69,2001
1020,"Monthly Atmospheric Carbon Dioxide Concentrations, Year on Year Percentage Change",Percent,2001M02,0.54,2001
1021,Monthly Atmospheric Carbon Dioxide Concentrations,Parts Per Million,2001M03,372.63,2001
1022,"Monthly Atmospheric Carbon Dioxide Concentrations, Year on Year Percentage Change",Percent,2001M03,0.51,2001
1023,Monthly Atmospheric Carbon Dioxide Concentrations,Parts Per Million,2001M04,373.55,2001
1024,"Monthly Atmospheric Carbon Dioxide Concentrations, Year on Year Percentage Change",Percent,2001M04,0.42,2001
1025,Monthly Atmospheric Carbon Dioxide Concentrations,Parts Per Million,2001M05,374.03,2001
1026,"Monthly Atmospheric Carbon Dioxide Concentrations, Year on Year Percentage Change",Percent,2001M05,0.61,2001
1027,Monthly Atmospheric Carbon Dioxide Concentrations,Parts Per Million,2001M06,373.4,2001
1028,"Monthly Atmospheric Carbon Dioxide Concentrations, Year on Year Percentage Change",Percent,2001M06,0.41,2001
1029,Monthly Atmospheric Carbon Dioxide Concentrations,Parts Per Million,2001M07,371.68,2001
1030,"Monthly Atmospheric Carbon Dioxide Concentrations, Year on Year Percentage Change",Percent,2001M07,0.45,2001
1031,Monthly Atmospheric Carbon Dioxide Concentrations,Parts Per Million,2001M08,369.78,2001
1032,"Monthly Atmospheric Carbon Dioxide Concentrations, Year on Year Percentage Change",Percent,2001M08,0.41,2001
1033,Monthly Atmospheric Carbon Dioxide Concentrations,Parts Per Million,2001M09,368.34,2001
1034,"Monthly Atmospheric Carbon Dioxide Concentrations, Year on Year Percentage Change",Percent,2001M09,0.32,2001
1035,Monthly Atmospheric Carbon Dioxide Concentrations,Parts Per Million,2001M10,368.61,2001
1036,"Monthly Atmospheric Carbon Dioxide Concentrations, Year on Year Percentage Change",Percent,2001M10,0.39,2001
1037,Monthly Atmospheric Carbon Dioxide Concentrations,Parts Per Million,2001M11,369.94,2001
1038,"Monthly Atmospheric Carbon Dioxide Concentrations, Year on Year Percentage Change",Percent,2001M11,0.38,2001
1039,Monthly Atmospheric Carbon Dioxide Concentrations,Parts Per Million,2001M12,371.42,2001
1040,"Monthly Atmospheric Carbon Dioxide Concentrations, Year on Year Percentage Change",Percent,2001M12,0.43,2001
1041,Monthly Atmospheric Carbon Dioxide Concentrations,Parts Per Million,2002M01,372.7,2002
1042,"Monthly Atmospheric Carbon Dioxide Concentrations, Year on Year Percentage Change",Percent,2002M01,0.52,2002
1043,Monthly Atmospheric Carbon Dioxide Concentrations,Parts Per Million,2002M02,373.37,2002
1044,"Monthly Atmospheric Carbon Dioxide Concentrations, Year on Year Percentage Change",Percent,2002M02,0.45,2002
1045,Monthly Atmospheric Carbon Dioxide Concentrations,Parts Per Million,2002M03,374.3,2002
1046,"Monthly Atmospheric Carbon Dioxide Concentrations, Year on Year Percentage Change",Percent,2002M03,0.45,2002
1047,Monthly Atmospheric Carbon Dioxide Concentrations,Parts Per Million,2002M04,375.19,2002
1048,"Monthly Atmospheric Carbon Dioxide Concentrations, Year on Year Percentage Change",Percent,2002M04,0.44,2002
1049,Monthly Atmospheric Carbon Dioxide Concentrations,Parts Per Million,2002M05,375.93,2002
1050,"Monthly Atmospheric Carbon Dioxide Concentrations, Year on Year Percentage Change",Percent,2002M05,0.51,2002
1051,Monthly Atmospheric Carbon Dioxide Concentrations,Parts Per Million,2002M06,375.69,2002
1052,"Monthly Atmospheric Carbon Dioxide Concentrations, Year on Year Percentage Change",Percent,2002M06,0.61,2002
1053,Monthly Atmospheric Carbon Dioxide Concentrations,Parts Per Million,2002M07,374.16,2002
1054,"Monthly Atmospheric Carbon Dioxide Concentrations, Year on Year Percentage Change",Percent,2002M07,0.67,2002
1055,Monthly Atmospheric Carbon Dioxide Concentrations,Parts Per Million,2002M08,372.03,2002
1056,"Monthly Atmospheric Carbon Dioxide Concentrations, Year on Year Percentage Change",Percent,2002M08,0.61,2002
1057,Monthly Atmospheric Carbon Dioxide Concentrations,Parts Per Million,2002M09,370.92,2002
1058,"Monthly Atmospheric Carbon Dioxide Concentrations, Year on Year Percentage Change",Percent,2002M09,0.7,2002
1059,Monthly Atmospheric Carbon Dioxide Concentrations,Parts Per Million,2002M10,370.73,2002
1060,"Monthly Atmospheric Carbon Dioxide Concentrations, Year on Year Percentage Change",Percent,2002M10,0.58,2002
1061,Monthly Atmospheric Carbon Dioxide Concentrations,Parts Per Million,2002M11,372.43,2002
1062,"Monthly Atmospheric Carbon Dioxide Concentrations, Year on Year Percentage Change",Percent,2002M11,0.67,2002
1063,Monthly Atmospheric Carbon Dioxide Concentrations,Parts Per Million,2002M12,373.98,2002
1064,"Monthly Atmospheric Carbon Dioxide Concentrations, Year on Year Percentage Change",Percent,2002M12,0.69,2002
1065,Monthly Atmospheric Carbon Dioxide Concentrations,Parts Per Million,2003M01,375.07,2003
1066,"Monthly Atmospheric Carbon Dioxide Concentrations, Year on Year Percentage Change",Percent,2003M01,0.64,2003
1067,Monthly Atmospheric Carbon Dioxide Concentrations,Parts Per Million,2003M02,375.82,2003
1068,"Monthly Atmospheric Carbon Dioxide Concentrations, Year on Year Percentage Change",Percent,2003M02,0.66,2003
1069,Monthly Atmospheric Carbon Dioxide Concentrations,Parts Per Million,2003M03,376.64,2003
1070,"Monthly Atmospheric Carbon Dioxide Concentrations, Year on Year Percentage Change",Percent,2003M03,0.63,2003
1071,Monthly Atmospheric Carbon Dioxide Concentrations,Parts Per Million,2003M04,377.92,2003
1072,"Monthly Atmospheric Carbon Dioxide Concentrations, Year on Year Percentage Change",Percent,2003M04,0.73,2003
1073,Monthly Atmospheric Carbon Dioxide Concentrations,Parts Per Million,2003M05,378.78,2003
1074,"Monthly Atmospheric Carbon Dioxide Concentrations, Year on Year Percentage Change",Percent,2003M05,0.76,2003
1075,Monthly Atmospheric Carbon Dioxide Concentrations,Parts Per Million,2003M06,378.46,2003
1076,"Monthly Atmospheric Carbon Dioxide Concentrations, Year on Year Percentage Change",Percent,2003M06,0.74,2003
1077,Monthly Atmospheric Carbon Dioxide Concentrations,Parts Per Million,2003M07,376.88,2003
1078,"Monthly Atmospheric Carbon Dioxide Concentrations, Year on Year Percentage Change",Percent,2003M07,0.73,2003
1079,Monthly Atmospheric Carbon Dioxide Concentrations,Parts Per Million,2003M08,374.57,2003
1080,"Monthly Atmospheric Carbon Dioxide Concentrations, Year on Year Percentage Change",Percent,2003M08,0.68,2003
1081,Monthly Atmospheric Carbon Dioxide Concentrations,Parts Per Million,2003M09,373.34,2003
1082,"Monthly Atmospheric Carbon Dioxide Concentrations, Year on Year Percentage Change",Percent,2003M09,0.65,2003
1083,Monthly Atmospheric Carbon Dioxide Concentrations,Parts Per Million,2003M10,373.31,2003
1084,"Monthly Atmospheric Carbon Dioxide Concentrations, Year on Year Percentage Change",Percent,2003M10,0.7,2003
1085,Monthly Atmospheric Carbon Dioxide Concentrations,Parts Per Million,2003M11,374.84,2003
1086,"Monthly Atmospheric Carbon Dioxide Concentrations, Year on Year Percentage Change",Percent,2003M11,0.65,2003
1087,Monthly Atmospheric Carbon Dioxide Concentrations,Parts Per Million,2003M12,376.17,2003
1088,"Monthly Atmospheric Carbon Dioxide Concentrations, Year on Year Percentage Change",Percent,2003M12,0.59,2003
1089,Monthly Atmospheric Carbon Dioxide Concentrations,Parts Per Million,2004M01,377.17,2004
1090,"Monthly Atmospheric Carbon Dioxide Concentrations, Year on Year Percentage Change",Percent,2004M01,0.56,2004
1091,Monthly Atmospheric Carbon Dioxide Concentrations,Parts Per Million,2004M02,378.05,2004
1092,"Monthly Atmospheric Carbon Dioxide Concentrations, Year on Year Percentage Change",Percent,2004M02,0.59,2004
1093,Monthly Atmospheric Carbon Dioxide Concentrations,Parts Per Million,2004M03,379.06,2004
1094,"Monthly Atmospheric Carbon Dioxide Concentrations, Year on Year Percentage Change",Percent,2004M03,0.64,2004
1095,Monthly Atmospheric Carbon Dioxide Concentrations,Parts Per Million,2004M04,380.54,2004
1096,"Monthly Atmospheric Carbon Dioxide Concentrations, Year on Year Percentage Change",Percent,2004M04,0.69,2004
1097,Monthly Atmospheric Carbon Dioxide Concentrations,Parts Per Million,2004M05,380.8,2004
1098,"Monthly Atmospheric Carbon Dioxide Concentrations, Year on Year Percentage Change",Percent,2004M05,0.53,2004
1099,Monthly Atmospheric Carbon Dioxide Concentrations,Parts Per Million,2004M06,379.87,2004
1100,"Monthly Atmospheric Carbon Dioxide Concentrations, Year on Year Percentage Change",Percent,2004M06,0.37,2004
1101,Monthly Atmospheric Carbon Dioxide Concentrations,Parts Per Million,2004M07,377.65,2004
1102,"Monthly Atmospheric Carbon Dioxide Concentrations, Year on Year Percentage Change",Percent,2004M07,0.2,2004
1103,Monthly Atmospheric Carbon Dioxide Concentrations,Parts Per Million,2004M08,376.17,2004
1104,"Monthly Atmospheric Carbon Dioxide Concentrations, Year on Year Percentage Change",Percent,2004M08,0.43,2004
1105,Monthly Atmospheric Carbon Dioxide Concentrations,Parts Per Million,2004M09,374.43,2004
1106,"Monthly Atmospheric Carbon Dioxide Concentrations, Year on Year Percentage Change",Percent,2004M09,0.29,2004
1107,Monthly Atmospheric Carbon Dioxide Concentrations,Parts Per Million,2004M10,374.63,2004
1108,"Monthly Atmospheric Carbon Dioxide Concentrations, Year on Year Percentage Change",Percent,2004M10,0.35,2004
1109,Monthly Atmospheric Carbon Dioxide Concentrations,Parts Per Million,2004M11,376.33,2004
1110,"Monthly Atmospheric Carbon Dioxide Concentrations, Year on Year Percentage Change",Percent,2004M11,0.4,2004
1111,Monthly Atmospheric Carbon Dioxide Concentrations,Parts Per Million,2004M12,377.68,2004
1112,"Monthly Atmospheric Carbon Dioxide Concentrations, Year on Year Percentage Change",Percent,2004M12,0.4,2004
1113,Monthly Atmospheric Carbon Dioxide Concentrations,Parts Per Million,2005M01,378.63,2005
1114,"Monthly Atmospheric Carbon Dioxide Concentrations, Year on Year Percentage Change",Percent,2005M01,0.39,2005
1115,Monthly Atmospheric Carbon Dioxide Concentrations,Parts Per Million,2005M02,379.91,2005
1116,"Monthly Atmospheric Carbon Dioxide Concentrations, Year on Year Percentage Change",Percent,2005M02,0.49,2005
1117,Monthly Atmospheric Carbon Dioxide Concentrations,Parts Per Million,2005M03,380.95,2005
1118,"Monthly Atmospheric Carbon Dioxide Concentrations, Year on Year Percentage Change",Percent,2005M03,0.5,2005
1119,Monthly Atmospheric Carbon Dioxide Concentrations,Parts Per Million,2005M04,382.48,2005
1120,"Monthly Atmospheric Carbon Dioxide Concentrations, Year on Year Percentage Change",Percent,2005M04,0.51,2005
1121,Monthly Atmospheric Carbon Dioxide Concentrations,Parts Per Million,2005M05,382.64,2005
1122,"Monthly Atmospheric Carbon Dioxide Concentrations, Year on Year Percentage Change",Percent,2005M05,0.48,2005
1123,Monthly Atmospheric Carbon Dioxide Concentrations,Parts Per Million,2005M06,382.4,2005
1124,"Monthly Atmospheric Carbon Dioxide Concentrations, Year on Year Percentage Change",Percent,2005M06,0.67,2005
1125,Monthly Atmospheric Carbon Dioxide Concentrations,Parts Per Million,2005M07,380.93,2005
1126,"Monthly Atmospheric Carbon Dioxide Concentrations, Year on Year Percentage Change",Percent,2005M07,0.87,2005
1127,Monthly Atmospheric Carbon Dioxide Concentrations,Parts Per Million,2005M08,378.93,2005
1128,"Monthly Atmospheric Carbon Dioxide Concentrations, Year on Year Percentage Change",Percent,2005M08,0.73,2005
1129,Monthly Atmospheric Carbon Dioxide Concentrations,Parts Per Million,2005M09,376.89,2005
1130,"Monthly Atmospheric Carbon Dioxide Concentrations, Year on Year Percentage Change",Percent,2005M09,0.66,2005
1131,Monthly Atmospheric Carbon Dioxide Concentrations,Parts Per Million,2005M10,377.19,2005
1132,"Monthly Atmospheric Carbon Dioxide Concentrations, Year on Year Percentage Change",Percent,2005M10,0.68,2005
1133,Monthly Atmospheric Carbon Dioxide Concentrations,Parts Per Million,2005M11,378.54,2005
1134,"Monthly Atmospheric Carbon Dioxide Concentrations, Year on Year Percentage Change",Percent,2005M11,0.59,2005
1135,Monthly Atmospheric Carbon Dioxide Concentrations,Parts Per Million,2005M12,380.31,2005
1136,"Monthly Atmospheric Carbon Dioxide Concentrations, Year on Year Percentage Change",Percent,2005M12,0.7,2005
1137,Monthly Atmospheric Carbon Dioxide Concentrations,Parts Per Million,2006M01,381.58,2006
1138,"Monthly Atmospheric Carbon Dioxide Concentrations, Year on Year Percentage Change",Percent,2006M01,0.78,2006
1139,Monthly Atmospheric Carbon Dioxide Concentrations,Parts Per Million,2006M02,382.4,2006
1140,"Monthly Atmospheric Carbon Dioxide Concentrations, Year on Year Percentage Change",Percent,2006M02,0.66,2006
1141,Monthly Atmospheric Carbon Dioxide Concentrations,Parts Per Million,2006M03,382.86,2006
1142,"Monthly Atmospheric Carbon Dioxide Concentrations, Year on Year Percentage Change",Percent,2006M03,0.5,2006
1143,Monthly Atmospheric Carbon Dioxide Concentrations,Parts Per Million,2006M04,384.8,2006
1144,"Monthly Atmospheric Carbon Dioxide Concentrations, Year on Year Percentage Change",Percent,2006M04,0.61,2006
1145,Monthly Atmospheric Carbon Dioxide Concentrations,Parts Per Million,2006M05,385.22,2006
1146,"Monthly Atmospheric Carbon Dioxide Concentrations, Year on Year Percentage Change",Percent,2006M05,0.67,2006
1147,Monthly Atmospheric Carbon Dioxide Concentrations,Parts Per Million,2006M06,384.24,2006
1148,"Monthly Atmospheric Carbon Dioxide Concentrations, Year on Year Percentage Change",Percent,2006M06,0.48,2006
1149,Monthly Atmospheric Carbon Dioxide Concentrations,Parts Per Million,2006M07,382.65,2006
1150,"Monthly Atmospheric Carbon Dioxide Concentrations, Year on Year Percentage Change",Percent,2006M07,0.45,2006
1151,Monthly Atmospheric Carbon Dioxide Concentrations,Parts Per Million,2006M08,380.6,2006
1152,"Monthly Atmospheric Carbon Dioxide Concentrations, Year on Year Percentage Change",Percent,2006M08,0.44,2006
1153,Monthly Atmospheric Carbon Dioxide Concentrations,Parts Per Million,2006M09,379.04,2006
1154,"Monthly Atmospheric Carbon Dioxide Concentrations, Year on Year Percentage Change",Percent,2006M09,0.57,2006
1155,Monthly Atmospheric Carbon Dioxide Concentrations,Parts Per Million,2006M10,379.33,2006
1156,"Monthly Atmospheric Carbon Dioxide Concentrations, Year on Year Percentage Change",Percent,2006M10,0.57,2006
1157,Monthly Atmospheric Carbon Dioxide Concentrations,Parts Per Million,2006M11,380.35,2006
1158,"Monthly Atmospheric Carbon Dioxide Concentrations, Year on Year Percentage Change",Percent,2006M11,0.48,2006
1159,Monthly Atmospheric Carbon Dioxide Concentrations,Parts Per Million,2006M12,382.02,2006
1160,"Monthly Atmospheric Carbon Dioxide Concentrations, Year on Year Percentage Change",Percent,2006M12,0.45,2006
1161,Monthly Atmospheric Carbon Dioxide Concentrations,Parts Per Million,2007M01,383.1,2007
1162,"Monthly Atmospheric Carbon Dioxide Concentrations, Year on Year Percentage Change",Percent,2007M01,0.4,2007
1163,Monthly Atmospheric Carbon Dioxide Concentrations,Parts Per Million,2007M02,384.12,2007
1164,"Monthly Atmospheric Carbon Dioxide Concentrations, Year on Year Percentage Change",Percent,2007M02,0.45,2007
1165,Monthly Atmospheric Carbon Dioxide Concentrations,Parts Per Million,2007M03,384.81,2007
1166,"Monthly Atmospheric Carbon Dioxide Concentrations, Year on Year Percentage Change",Percent,2007M03,0.51,2007
1167,Monthly Atmospheric Carbon Dioxide Concentrations,Parts Per Million,2007M04,386.73,2007
1168,"Monthly Atmospheric Carbon Dioxide Concentrations, Year on Year Percentage Change",Percent,2007M04,0.5,2007
1169,Monthly Atmospheric Carbon Dioxide Concentrations,Parts Per Million,2007M05,386.78,2007
1170,"Monthly Atmospheric Carbon Dioxide Concentrations, Year on Year Percentage Change",Percent,2007M05,0.4,2007
1171,Monthly Atmospheric Carbon Dioxide Concentrations,Parts Per Million,2007M06,386.33,2007
1172,"Monthly Atmospheric Carbon Dioxide Concentrations, Year on Year Percentage Change",Percent,2007M06,0.54,2007
1173,Monthly Atmospheric Carbon Dioxide Concentrations,Parts Per Million,2007M07,384.73,2007
1174,"Monthly Atmospheric Carbon Dioxide Concentrations, Year on Year Percentage Change",Percent,2007M07,0.54,2007
1175,Monthly Atmospheric Carbon Dioxide Concentrations,Parts Per Million,2007M08,382.24,2007
1176,"Monthly Atmospheric Carbon Dioxide Concentrations, Year on Year Percentage Change",Percent,2007M08,0.43,2007
1177,Monthly Atmospheric Carbon Dioxide Concentrations,Parts Per Million,2007M09,381.2,2007
1178,"Monthly Atmospheric Carbon Dioxide Concentrations, Year on Year Percentage Change",Percent,2007M09,0.57,2007
1179,Monthly Atmospheric Carbon Dioxide Concentrations,Parts Per Million,2007M10,381.37,2007
1180,"Monthly Atmospheric Carbon Dioxide Concentrations, Year on Year Percentage Change",Percent,2007M10,0.54,2007
1181,Monthly Atmospheric Carbon Dioxide Concentrations,Parts Per Million,2007M11,382.7,2007
1182,"Monthly Atmospheric Carbon Dioxide Concentrations, Year on Year Percentage Change",Percent,2007M11,0.62,2007
1183,Monthly Atmospheric Carbon Dioxide Concentrations,Parts Per Million,2007M12,384.19,2007
1184,"Monthly Atmospheric Carbon Dioxide Concentrations, Year on Year Percentage Change",Percent,2007M12,0.57,2007
1185,Monthly Atmospheric Carbon Dioxide Concentrations,Parts Per Million,2008M01,385.78,2008
1186,"Monthly Atmospheric Carbon Dioxide Concentrations, Year on Year Percentage Change",Percent,2008M01,0.7,2008
1187,Monthly Atmospheric Carbon Dioxide Concentrations,Parts Per Million,2008M02,386.06,2008
1188,"Monthly Atmospheric Carbon Dioxide Concentrations, Year on Year Percentage Change",Percent,2008M02,0.51,2008
1189,Monthly Atmospheric Carbon Dioxide Concentrations,Parts Per Million,2008M03,386.28,2008
1190,"Monthly Atmospheric Carbon Dioxide Concentrations, Year on Year Percentage Change",Percent,2008M03,0.38,2008
1191,Monthly Atmospheric Carbon Dioxide Concentrations,Parts Per Million,2008M04,387.34,2008
1192,"Monthly Atmospheric Carbon Dioxide Concentrations, Year on Year Percentage Change",Percent,2008M04,0.16,2008
1193,Monthly Atmospheric Carbon Dioxide Concentrations,Parts Per Million,2008M05,388.78,2008
1194,"Monthly Atmospheric Carbon Dioxide Concentrations, Year on Year Percentage Change",Percent,2008M05,0.52,2008
1195,Monthly Atmospheric Carbon Dioxide Concentrations,Parts Per Million,2008M06,387.99,2008
1196,"Monthly Atmospheric Carbon Dioxide Concentrations, Year on Year Percentage Change",Percent,2008M06,0.43,2008
1197,Monthly Atmospheric Carbon Dioxide Concentrations,Parts Per Million,2008M07,386.61,2008
1198,"Monthly Atmospheric Carbon Dioxide Concentrations, Year on Year Percentage Change",Percent,2008M07,0.49,2008
1199,Monthly Atmospheric Carbon Dioxide Concentrations,Parts Per Million,2008M08,384.32,2008
1200,"Monthly Atmospheric Carbon Dioxide Concentrations, Year on Year Percentage Change",Percent,2008M08,0.54,2008
1201,Monthly Atmospheric Carbon Dioxide Concentrations,Parts Per Million,2008M09,383.41,2008
1202,"Monthly Atmospheric Carbon Dioxide Concentrations, Year on Year Percentage Change",Percent,2008M09,0.58,2008
1203,Monthly Atmospheric Carbon Dioxide Concentrations,Parts Per Million,2008M10,383.21,2008
1204,"Monthly Atmospheric Carbon Dioxide Concentrations, Year on Year Percentage Change",Percent,2008M10,0.48,2008
1205,Monthly Atmospheric Carbon Dioxide Concentrations,Parts Per Million,2008M11,384.41,2008
1206,"Monthly Atmospheric Carbon Dioxide Concentrations, Year on Year Percentage Change",Percent,2008M11,0.45,2008
1207,Monthly Atmospheric Carbon Dioxide Concentrations,Parts Per Million,2008M12,385.79,2008
1208,"Monthly Atmospheric Carbon Dioxide Concentrations, Year on Year Percentage Change",Percent,2008M12,0.42,2008
1209,Monthly Atmospheric Carbon Dioxide Concentrations,Parts Per Million,2009M01,387.17,2009
1210,"Monthly Atmospheric Carbon Dioxide Concentrations, Year on Year Percentage Change",Percent,2009M01,0.36,2009
1211,Monthly Atmospheric Carbon Dioxide Concentrations,Parts Per Million,2009M02,387.7,2009
1212,"Monthly Atmospheric Carbon Dioxide Concentrations, Year on Year Percentage Change",Percent,2009M02,0.42,2009
1213,Monthly Atmospheric Carbon Dioxide Concentrations,Parts Per Million,2009M03,389.04,2009
1214,"Monthly Atmospheric Carbon Dioxide Concentrations, Year on Year Percentage Change",Percent,2009M03,0.71,2009
1215,Monthly Atmospheric Carbon Dioxide Concentrations,Parts Per Million,2009M04,389.76,2009
1216,"Monthly Atmospheric Carbon Dioxide Concentrations, Year on Year Percentage Change",Percent,2009M04,0.62,2009
1217,Monthly Atmospheric Carbon Dioxide Concentrations,Parts Per Million,2009M05,390.36,2009
1218,"Monthly Atmospheric Carbon Dioxide Concentrations, Year on Year Percentage Change",Percent,2009M05,0.41,2009
1219,Monthly Atmospheric Carbon Dioxide Concentrations,Parts Per Million,2009M06,389.7,2009
1220,"Monthly Atmospheric Carbon Dioxide Concentrations, Year on Year Percentage Change",Percent,2009M06,0.44,2009
1221,Monthly Atmospheric Carbon Dioxide Concentrations,Parts Per Million,2009M07,388.24,2009
1222,"Monthly Atmospheric Carbon Dioxide Concentrations, Year on Year Percentage Change",Percent,2009M07,0.42,2009
1223,Monthly Atmospheric Carbon Dioxide Concentrations,Parts Per Million,2009M08,386.29,2009
1224,"Monthly Atmospheric Carbon Dioxide Concentrations, Year on Year Percentage Change",Percent,2009M08,0.51,2009
1225,Monthly Atmospheric Carbon Dioxide Concentrations,Parts Per Million,2009M09,384.95,2009
1226,"Monthly Atmospheric Carbon Dioxide Concentrations, Year on Year Percentage Change",Percent,2009M09,0.4,2009
1227,Monthly Atmospheric Carbon Dioxide Concentrations,Parts Per Million,2009M10,384.64,2009
1228,"Monthly Atmospheric Carbon Dioxide Concentrations, Year on Year Percentage Change",Percent,2009M10,0.37,2009
1229,Monthly Atmospheric Carbon Dioxide Concentrations,Parts Per Million,2009M11,386.23,2009
1230,"Monthly Atmospheric Carbon Dioxide Concentrations, Year on Year Percentage Change",Percent,2009M11,0.47,2009
1231,Monthly Atmospheric Carbon Dioxide Concentrations,Parts Per Million,2009M12,387.63,2009
1232,"Monthly Atmospheric Carbon Dioxide Concentrations, Year on Year Percentage Change",Percent,2009M12,0.48,2009
1233,Monthly Atmospheric Carbon Dioxide Concentrations,Parts Per Million,2010M01,388.91,2010
1234,"Monthly Atmospheric Carbon Dioxide Concentrations, Year on Year Percentage Change",Percent,2010M01,0.45,2010
1235,Monthly Atmospheric Carbon Dioxide Concentrations,Parts Per Million,2010M02,390.41,2010
1236,"Monthly Atmospheric Carbon Dioxide Concentrations, Year on Year Percentage Change",Percent,2010M02,0.7,2010
1237,Monthly Atmospheric Carbon Dioxide Concentrations,Parts Per Million,2010M03,391.37,2010
1238,"Monthly Atmospheric Carbon Dioxide Concentrations, Year on Year Percentage Change",Percent,2010M03,0.6,2010
1239,Monthly Atmospheric Carbon Dioxide Concentrations,Parts Per Million,2010M04,392.67,2010
1240,"Monthly Atmospheric Carbon Dioxide Concentrations, Year on Year Percentage Change",Percent,2010M04,0.75,2010
1241,Monthly Atmospheric Carbon Dioxide Concentrations,Parts Per Million,2010M05,393.21,2010
1242,"Monthly Atmospheric Carbon Dioxide Concentrations, Year on Year Percentage Change",Percent,2010M05,0.73,2010
1243,Monthly Atmospheric Carbon Dioxide Concentrations,Parts Per Million,2010M06,392.38,2010
1244,"Monthly Atmospheric Carbon Dioxide Concentrations, Year on Year Percentage Change",Percent,2010M06,0.69,2010
1245,Monthly Atmospheric Carbon Dioxide Concentrations,Parts Per Million,2010M07,390.41,2010
1246,"Monthly Atmospheric Carbon Dioxide Concentrations, Year on Year Percentage Change",Percent,2010M07,0.56,2010
1247,Monthly Atmospheric Carbon Dioxide Concentrations,Parts Per Million,2010M08,388.54,2010
1248,"Monthly Atmospheric Carbon Dioxide Concentrations, Year on Year Percentage Change",Percent,2010M08,0.58,2010
1249,Monthly Atmospheric Carbon Dioxide Concentrations,Parts Per Million,2010M09,387.03,2010
1250,"Monthly Atmospheric Carbon Dioxide Concentrations, Year on Year Percentage Change",Percent,2010M09,0.54,2010
1251,Monthly Atmospheric Carbon Dioxide Concentrations,Parts Per Million,2010M10,387.43,2010
1252,"Monthly Atmospheric Carbon Dioxide Concentrations, Year on Year Percentage Change",Percent,2010M10,0.73,2010
1253,Monthly Atmospheric Carbon Dioxide Concentrations,Parts Per Million,2010M11,388.87,2010
1254,"Monthly Atmospheric Carbon Dioxide Concentrations, Year on Year Percentage Change",Percent,2010M11,0.68,2010
1255,Monthly Atmospheric Carbon Dioxide Concentrations,Parts Per Million,2010M12,389.99,2010
1256,"Monthly Atmospheric Carbon Dioxide Concentrations, Year on Year Percentage Change",Percent,2010M12,0.61,2010
1257,Monthly Atmospheric Carbon Dioxide Concentrations,Parts Per Million,2011M01,391.5,2011
1258,"Monthly Atmospheric Carbon Dioxide Concentrations, Year on Year Percentage Change",Percent,2011M01,0.67,2011
1259,Monthly Atmospheric Carbon Dioxide Concentrations,Parts Per Million,2011M02,392.05,2011
1260,"Monthly Atmospheric Carbon Dioxide Concentrations, Year on Year Percentage Change",Percent,2011M02,0.42,2011
1261,Monthly Atmospheric Carbon Dioxide Concentrations,Parts Per Million,2011M03,392.8,2011
1262,"Monthly Atmospheric Carbon Dioxide Concentrations, Year on Year Percentage Change",Percent,2011M03,0.37,2011
1263,Monthly Atmospheric Carbon Dioxide Concentrations,Parts Per Million,2011M04,393.44,2011
1264,"Monthly Atmospheric Carbon Dioxide Concentrations, Year on Year Percentage Change",Percent,2011M04,0.2,2011
1265,Monthly Atmospheric Carbon Dioxide Concentrations,Parts Per Million,2011M05,394.41,2011
1266,"Monthly Atmospheric Carbon Dioxide Concentrations, Year on Year Percentage Change",Percent,2011M05,0.31,2011
1267,Monthly Atmospheric Carbon Dioxide Concentrations,Parts Per Million,2011M06,393.95,2011
1268,"Monthly Atmospheric Carbon Dioxide Concentrations, Year on Year Percentage Change",Percent,2011M06,0.4,2011
1269,Monthly Atmospheric Carbon Dioxide Concentrations,Parts Per Million,2011M07,392.72,2011
1270,"Monthly Atmospheric Carbon Dioxide Concentrations, Year on Year Percentage Change",Percent,2011M07,0.59,2011
1271,Monthly Atmospheric Carbon Dioxide Concentrations,Parts Per Million,2011M08,390.33,2011
1272,"Monthly Atmospheric Carbon Dioxide Concentrations, Year on Year Percentage Change",Percent,2011M08,0.46,2011
1273,Monthly Atmospheric Carbon Dioxide Concentrations,Parts Per Million,2011M09,389.28,2011
1274,"Monthly Atmospheric Carbon Dioxide Concentrations, Year on Year Percentage Change",Percent,2011M09,0.58,2011
1275,Monthly Atmospheric Carbon Dioxide Concentrations,Parts Per Million,2011M10,389.19,2011
1276,"Monthly Atmospheric Carbon Dioxide Concentrations, Year on Year Percentage Change",Percent,2011M10,0.45,2011
1277,Monthly Atmospheric Carbon Dioxide Concentrations,Parts Per Million,2011M11,390.48,2011
1278,"Monthly Atmospheric Carbon Dioxide Concentrations, Year on Year Percentage Change",Percent,2011M11,0.41,2011
1279,Monthly Atmospheric Carbon Dioxide Concentrations,Parts Per Million,2011M12,392.06,2011
1280,"Monthly Atmospheric Carbon Dioxide Concentrations, Year on Year Percentage Change",Percent,2011M12,0.53,2011
1281,Monthly Atmospheric Carbon Dioxide Concentrations,Parts Per Million,2012M01,393.31,2012
1282,"Monthly Atmospheric Carbon Dioxide Concentrations, Year on Year Percentage Change",Percent,2012M01,0.46,2012
1283,Monthly Atmospheric Carbon Dioxide Concentrations,Parts Per Million,2012M02,394.04,2012
1284,"Monthly Atmospheric Carbon Dioxide Concentrations, Year on Year Percentage Change",Percent,2012M02,0.51,2012
1285,Monthly Atmospheric Carbon Dioxide Concentrations,Parts Per Million,2012M03,394.59,2012
1286,"Monthly Atmospheric Carbon Dioxide Concentrations, Year on Year Percentage Change",Percent,2012M03,0.46,2012
1287,Monthly Atmospheric Carbon Dioxide Concentrations,Parts Per Million,2012M04,396.38,2012
1288,"Monthly Atmospheric Carbon Dioxide Concentrations, Year on Year Percentage Change",Percent,2012M04,0.75,2012
1289,Monthly Atmospheric Carbon Dioxide Concentrations,Parts Per Million,2012M05,396.93,2012
1290,"Monthly Atmospheric Carbon Dioxide Concentrations, Year on Year Percentage Change",Percent,2012M05,0.64,2012
1291,Monthly Atmospheric Carbon Dioxide Concentrations,Parts Per Million,2012M06,395.91,2012
1292,"Monthly Atmospheric Carbon Dioxide Concentrations, Year on Year Percentage Change",Percent,2012M06,0.5,2012
1293,Monthly Atmospheric Carbon Dioxide Concentrations,Parts Per Million,2012M07,394.56,2012
1294,"Monthly Atmospheric Carbon Dioxide Concentrations, Year on Year Percentage Change",Percent,2012M07,0.47,2012
1295,Monthly Atmospheric Carbon Dioxide Concentrations,Parts Per Million,2012M08,392.59,2012
1296,"Monthly Atmospheric Carbon Dioxide Concentrations, Year on Year Percentage Change",Percent,2012M08,0.58,2012
1297,Monthly Atmospheric Carbon Dioxide Concentrations,Parts Per Million,2012M09,391.32,2012
1298,"Monthly Atmospheric Carbon Dioxide Concentrations, Year on Year Percentage Change",Percent,2012M09,0.52,2012
1299,Monthly Atmospheric Carbon Dioxide Concentrations,Parts Per Million,2012M10,391.27,2012
1300,"Monthly Atmospheric Carbon Dioxide Concentrations, Year on Year Percentage Change",Percent,2012M10,0.53,2012
1301,Monthly Atmospheric Carbon Dioxide Concentrations,Parts Per Million,2012M11,393.2,2012
1302,"Monthly Atmospheric Carbon Dioxide Concentrations, Year on Year Percentage Change",Percent,2012M11,0.7,2012
1303,Monthly Atmospheric Carbon Dioxide Concentrations,Parts Per Million,2012M12,394.57,2012
1304,"Monthly Atmospheric Carbon Dioxide Concentrations, Year on Year Percentage Change",Percent,2012M12,0.64,2012
1305,Monthly Atmospheric Carbon Dioxide Concentrations,Parts Per Million,2013M01,395.78,2013
1306,"Monthly Atmospheric Carbon Dioxide Concentrations, Year on Year Percentage Change",Percent,2013M01,0.63,2013
1307,Monthly Atmospheric Carbon Dioxide Concentrations,Parts Per Million,2013M02,397.03,2013
1308,"Monthly Atmospheric Carbon Dioxide Concentrations, Year on Year Percentage Change",Percent,2013M02,0.76,2013
1309,Monthly Atmospheric Carbon Dioxide Concentrations,Parts Per Million,2013M03,397.66,2013
1310,"Monthly Atmospheric Carbon Dioxide Concentrations, Year on Year Percentage Change",Percent,2013M03,0.78,2013
1311,Monthly Atmospheric Carbon Dioxide Concentrations,Parts Per Million,2013M04,398.64,2013
1312,"Monthly Atmospheric Carbon Dioxide Concentrations, Year on Year Percentage Change",Percent,2013M04,0.57,2013
1313,Monthly Atmospheric Carbon Dioxide Concentrations,Parts Per Million,2013M05,400.02,2013
1314,"Monthly Atmospheric Carbon Dioxide Concentrations, Year on Year Percentage Change",Percent,2013M05,0.78,2013
1315,Monthly Atmospheric Carbon Dioxide Concentrations,Parts Per Million,2013M06,398.81,2013
1316,"Monthly Atmospheric Carbon Dioxide Concentrations, Year on Year Percentage Change",Percent,2013M06,0.73,2013
1317,Monthly Atmospheric Carbon Dioxide Concentrations,Parts Per Million,2013M07,397.51,2013
1318,"Monthly Atmospheric Carbon Dioxide Concentrations, Year on Year Percentage Change",Percent,2013M07,0.75,2013
1319,Monthly Atmospheric Carbon Dioxide Concentrations,Parts Per Million,2013M08,395.39,2013
1320,"Monthly Atmospheric Carbon Dioxide Concentrations, Year on Year Percentage Change",Percent,2013M08,0.71,2013
1321,Monthly Atmospheric Carbon Dioxide Concentrations,Parts Per Million,2013M09,393.72,2013
1322,"Monthly Atmospheric Carbon Dioxide Concentrations, Year on Year Percentage Change",Percent,2013M09,0.61,2013
1323,Monthly Atmospheric Carbon Dioxide Concentrations,Parts Per Million,2013M10,393.9,2013
1324,"Monthly Atmospheric Carbon Dioxide Concentrations, Year on Year Percentage Change",Percent,2013M10,0.67,2013
1325,Monthly Atmospheric Carbon Dioxide Concentrations,Parts Per Million,2013M11,395.36,2013
1326,"Monthly Atmospheric Carbon Dioxide Concentrations, Year on Year Percentage Change",Percent,2013M11,0.55,2013
1327,Monthly Atmospheric Carbon Dioxide Concentrations,Parts Per Million,2013M12,397.03,2013
1328,"Monthly Atmospheric Carbon Dioxide Concentrations, Year on Year Percentage Change",Percent,2013M12,0.62,2013
1329,Monthly Atmospheric Carbon Dioxide Concentrations,Parts Per Million,2014M01,398.04,2014
1330,"Monthly Atmospheric Carbon Dioxide Concentrations, Year on Year Percentage Change",Percent,2014M01,0.57,2014
1331,Monthly Atmospheric Carbon Dioxide Concentrations,Parts Per Million,2014M02,398.27,2014
1332,"Monthly Atmospheric Carbon Dioxide Concentrations, Year on Year Percentage Change",Percent,2014M02,0.31,2014
1333,Monthly Atmospheric Carbon Dioxide Concentrations,Parts Per Million,2014M03,399.91,2014
1334,"Monthly Atmospheric Carbon Dioxide Concentrations, Year on Year Percentage Change",Percent,2014M03,0.57,2014
1335,Monthly Atmospheric Carbon Dioxide Concentrations,Parts Per Million,2014M04,401.51,2014
1336,"Monthly Atmospheric Carbon Dioxide Concentrations, Year on Year Percentage Change",Percent,2014M04,0.72,2014
1337,Monthly Atmospheric Carbon Dioxide Concentrations,Parts Per Million,2014M05,401.96,2014
1338,"Monthly Atmospheric Carbon Dioxide Concentrations, Year on Year Percentage Change",Percent,2014M05,0.48,2014
1339,Monthly Atmospheric Carbon Dioxide Concentrations,Parts Per Million,2014M06,401.43,2014
1340,"Monthly Atmospheric Carbon Dioxide Concentrations, Year on Year Percentage Change",Percent,2014M06,0.66,2014
1341,Monthly Atmospheric Carbon Dioxide Concentrations,Parts Per Million,2014M07,399.27,2014
1342,"Monthly Atmospheric Carbon Dioxide Concentrations, Year on Year Percentage Change",Percent,2014M07,0.44,2014
1343,Monthly Atmospheric Carbon Dioxide Concentrations,Parts Per Million,2014M08,397.18,2014
1344,"Monthly Atmospheric Carbon Dioxide Concentrations, Year on Year Percentage Change",Percent,2014M08,0.45,2014
1345,Monthly Atmospheric Carbon Dioxide Concentrations,Parts Per Million,2014M09,395.54,2014
1346,"Monthly Atmospheric Carbon Dioxide Concentrations, Year on Year Percentage Change",Percent,2014M09,0.46,2014
1347,Monthly Atmospheric Carbon Dioxide Concentrations,Parts Per Million,2014M10,396.16,2014
1348,"Monthly Atmospheric Carbon Dioxide Concentrations, Year on Year Percentage Change",Percent,2014M10,0.57,2014
1349,Monthly Atmospheric Carbon Dioxide Concentrations,Parts Per Million,2014M11,397.4,2014
1350,"Monthly Atmospheric Carbon Dioxide Concentrations, Year on Year Percentage Change",Percent,2014M11,0.52,2014
1351,Monthly Atmospheric Carbon Dioxide Concentrations,Parts Per Million,2014M12,399.08,2014
1352,"Monthly Atmospheric Carbon Dioxide Concentrations, Year on Year Percentage Change",Percent,2014M12,0.52,2014
1353,Monthly Atmospheric Carbon Dioxide Concentrations,Parts Per Million,2015M01,400.18,2015
1354,"Monthly Atmospheric Carbon Dioxide Concentrations, Year on Year Percentage Change",Percent,2015M01,0.54,2015
1355,Monthly Atmospheric Carbon Dioxide Concentrations,Parts Per Million,2015M02,400.55,2015
1356,"Monthly Atmospheric Carbon Dioxide Concentrations, Year on Year Percentage Change",Percent,2015M02,0.57,2015
1357,Monthly Atmospheric Carbon Dioxide Concentrations,Parts Per Million,2015M03,401.74,2015
1358,"Monthly Atmospheric Carbon Dioxide Concentrations, Year on Year Percentage Change",Percent,2015M03,0.46,2015
1359,Monthly Atmospheric Carbon Dioxide Concentrations,Parts Per Million,2015M04,403.34,2015
1360,"Monthly Atmospheric Carbon Dioxide Concentrations, Year on Year Percentage Change",Percent,2015M04,0.46,2015
1361,Monthly Atmospheric Carbon Dioxide Concentrations,Parts Per Million,2015M05,404.15,2015
1362,"Monthly Atmospheric Carbon Dioxide Concentrations, Year on Year Percentage Change",Percent,2015M05,0.54,2015
1363,Monthly Atmospheric Carbon Dioxide Concentrations,Parts Per Million,2015M06,402.97,2015
1364,"Monthly Atmospheric Carbon Dioxide Concentrations, Year on Year Percentage Change",Percent,2015M06,0.38,2015
1365,Monthly Atmospheric Carbon Dioxide Concentrations,Parts Per Million,2015M07,401.46,2015
1366,"Monthly Atmospheric Carbon Dioxide Concentrations, Year on Year Percentage Change",Percent,2015M07,0.55,2015
1367,Monthly Atmospheric Carbon Dioxide Concentrations,Parts Per Million,2015M08,399.11,2015
1368,"Monthly Atmospheric Carbon Dioxide Concentrations, Year on Year Percentage Change",Percent,2015M08,0.49,2015
1369,Monthly Atmospheric Carbon Dioxide Concentrations,Parts Per Million,2015M09,397.82,2015
1370,"Monthly Atmospheric Carbon Dioxide Concentrations, Year on Year Percentage Change",Percent,2015M09,0.58,2015
1371,Monthly Atmospheric Carbon Dioxide Concentrations,Parts Per Million,2015M10,398.49,2015
1372,"Monthly Atmospheric Carbon Dioxide Concentrations, Year on Year Percentage Change",Percent,2015M10,0.59,2015
1373,Monthly Atmospheric Carbon Dioxide Concentrations,Parts Per Million,2015M11,400.27,2015
1374,"Monthly Atmospheric Carbon Dioxide Concentrations, Year on Year Percentage Change",Percent,2015M11,0.72,2015
1375,Monthly Atmospheric Carbon Dioxide Concentrations,Parts Per Million,2015M12,402.06,2015
1376,"Monthly Atmospheric Carbon Dioxide Concentrations, Year on Year Percentage Change",Percent,2015M12,0.75,2015
1377,Monthly Atmospheric Carbon Dioxide Concentrations,Parts Per Million,2016M01,402.73,2016
1378,"Monthly Atmospheric Carbon Dioxide Concentrations, Year on Year Percentage Change",Percent,2016M01,0.64,2016
1379,Monthly Atmospheric Carbon Dioxide Concentrations,Parts Per Million,2016M02,404.25,2016
1380,"Monthly Atmospheric Carbon Dioxide Concentrations, Year on Year Percentage Change",Percent,2016M02,0.92,2016
1381,Monthly Atmospheric Carbon Dioxide Concentrations,Parts Per Million,2016M03,405.06,2016
1382,"Monthly Atmospheric Carbon Dioxide Concentrations, Year on Year Percentage Change",Percent,2016M03,0.83,2016
1383,Monthly Atmospheric Carbon Dioxide Concentrations,Parts Per Million,2016M04,407.6,2016
1384,"Monthly Atmospheric Carbon Dioxide Concentrations, Year on Year Percentage Change",Percent,2016M04,1.06,2016
1385,Monthly Atmospheric Carbon Dioxide Concentrations,Parts Per Million,2016M05,407.9,2016
1386,"Monthly Atmospheric Carbon Dioxide Concentrations, Year on Year Percentage Change",Percent,2016M05,0.93,2016
1387,Monthly Atmospheric Carbon Dioxide Concentrations,Parts Per Million,2016M06,406.99,2016
1388,"Monthly Atmospheric Carbon Dioxide Concentrations, Year on Year Percentage Change",Percent,2016M06,1.0,2016
1389,Monthly Atmospheric Carbon Dioxide Concentrations,Parts Per Million,2016M07,404.59,2016
1390,"Monthly Atmospheric Carbon Dioxide Concentrations, Year on Year Percentage Change",Percent,2016M07,0.78,2016
1391,Monthly Atmospheric Carbon Dioxide Concentrations,Parts Per Million,2016M08,402.45,2016
1392,"Monthly Atmospheric Carbon Dioxide Concentrations, Year on Year Percentage Change",Percent,2016M08,0.84,2016
1393,Monthly Atmospheric Carbon Dioxide Concentrations,Parts Per Million,2016M09,401.23,2016
1394,"Monthly Atmospheric Carbon Dioxide Concentrations, Year on Year Percentage Change",Percent,2016M09,0.86,2016
1395,Monthly Atmospheric Carbon Dioxide Concentrations,Parts Per Million,2016M10,401.79,2016
1396,"Monthly Atmospheric Carbon Dioxide Concentrations, Year on Year Percentage Change",Percent,2016M10,0.83,2016
1397,Monthly Atmospheric Carbon Dioxide Concentrations,Parts Per Million,2016M11,403.72,2016
1398,"Monthly Atmospheric Carbon Dioxide Concentrations, Year on Year Percentage Change",Percent,2016M11,0.86,2016
1399,Monthly Atmospheric Carbon Dioxide Concentrations,Parts Per Million,2016M12,404.64,2016
1400,"Monthly Atmospheric Carbon Dioxide Concentrations, Year on Year Percentage Change",Percent,2016M12,0.64,2016
1401,Monthly Atmospheric Carbon Dioxide Concentrations,Parts Per Million,2017M01,406.36,2017
1402,"Monthly Atmospheric Carbon Dioxide Concentrations, Year on Year Percentage Change",Percent,2017M01,0.9,2017
1403,Monthly Atmospheric Carbon Dioxide Concentrations,Parts Per Million,2017M02,406.66,2017
1404,"Monthly Atmospheric Carbon Dioxide Concentrations, Year on Year Percentage Change",Percent,2017M02,0.6,2017
1405,Monthly Atmospheric Carbon Dioxide Concentrations,Parts Per Million,2017M03,407.54,2017
1406,"Monthly Atmospheric Carbon Dioxide Concentrations, Year on Year Percentage Change",Percent,2017M03,0.61,2017
1407,Monthly Atmospheric Carbon Dioxide Concentrations,Parts Per Million,2017M04,409.22,2017
1408,"Monthly Atmospheric Carbon Dioxide Concentrations, Year on Year Percentage Change",Percent,2017M04,0.4,2017
1409,Monthly Atmospheric Carbon Dioxide Concentrations,Parts Per Million,2017M05,409.89,2017
1410,"Monthly Atmospheric Carbon Dioxide Concentrations, Year on Year Percentage Change",Percent,2017M05,0.49,2017
1411,Monthly Atmospheric Carbon Dioxide Concentrations,Parts Per Million,2017M06,409.08,2017
1412,"Monthly Atmospheric Carbon Dioxide Concentrations, Year on Year Percentage Change",Percent,2017M06,0.51,2017
1413,Monthly Atmospheric Carbon Dioxide Concentrations,Parts Per Million,2017M07,407.33,2017
1414,"Monthly Atmospheric Carbon Dioxide Concentrations, Year on Year Percentage Change",Percent,2017M07,0.68,2017
1415,Monthly Atmospheric Carbon Dioxide Concentrations,Parts Per Million,2017M08,405.32,2017
1416,"Monthly Atmospheric Carbon Dioxide Concentrations, Year on Year Percentage Change",Percent,2017M08,0.71,2017
1417,Monthly Atmospheric Carbon Dioxide Concentrations,Parts Per Million,2017M09,403.57,2017
1418,"Monthly Atmospheric Carbon Dioxide Concentrations, Year on Year Percentage Change",Percent,2017M09,0.58,2017
1419,Monthly Atmospheric Carbon Dioxide Concentrations,Parts Per Million,2017M10,403.82,2017
1420,"Monthly Atmospheric Carbon Dioxide Concentrations, Year on Year Percentage Change",Percent,2017M10,0.51,2017
1421,Monthly Atmospheric Carbon Dioxide Concentrations,Parts Per Million,2017M11,405.31,2017
1422,"Monthly Atmospheric Carbon Dioxide Concentrations, Year on Year Percentage Change",Percent,2017M11,0.39,2017
1423,Monthly Atmospheric Carbon Dioxide Concentrations,Parts Per Million,2017M12,407.0,2017
1424,"Monthly Atmospheric Carbon Dioxide Concentrations, Year on Year Percentage Change",Percent,2017M12,0.58,2017
1425,Monthly Atmospheric Carbon Dioxide Concentrations,Parts Per Million,2018M01,408.15,2018
1426,"Monthly Atmospheric Carbon Dioxide Concentrations, Year on Year Percentage Change",Percent,2018M01,0.44,2018
1427,Monthly Atmospheric Carbon Dioxide Concentrations,Parts Per Million,2018M02,408.52,2018
1428,"Monthly Atmospheric Carbon Dioxide Concentrations, Year on Year Percentage Change",Percent,2018M02,0.46,2018
1429,Monthly Atmospheric Carbon Dioxide Concentrations,Parts Per Million,2018M03,409.59,2018
1430,"Monthly Atmospheric Carbon Dioxide Concentrations, Year on Year Percentage Change",Percent,2018M03,0.5,2018
1431,Monthly Atmospheric Carbon Dioxide Concentrations,Parts Per Million,2018M04,410.45,2018
1432,"Monthly Atmospheric Carbon Dioxide Concentrations, Year on Year Percentage Change",Percent,2018M04,0.3,2018
1433,Monthly Atmospheric Carbon Dioxide Concentrations,Parts Per Million,2018M05,411.44,2018
1434,"Monthly Atmospheric Carbon Dioxide Concentrations, Year on Year Percentage Change",Percent,2018M05,0.38,2018
1435,Monthly Atmospheric Carbon Dioxide Concentrations,Parts Per Million,2018M06,410.99,2018
1436,"Monthly Atmospheric Carbon Dioxide Concentrations, Year on Year Percentage Change",Percent,2018M06,0.47,2018
1437,Monthly Atmospheric Carbon Dioxide Concentrations,Parts Per Million,2018M07,408.9,2018
1438,"Monthly Atmospheric Carbon Dioxide Concentrations, Year on Year Percentage Change",Percent,2018M07,0.39,2018
1439,Monthly Atmospheric Carbon Dioxide Concentrations,Parts Per Million,2018M08,407.16,2018
1440,"Monthly Atmospheric Carbon Dioxide Concentrations, Year on Year Percentage Change",Percent,2018M08,0.45,2018
1441,Monthly Atmospheric Carbon Dioxide Concentrations,Parts Per Million,2018M09,405.71,2018
1442,"Monthly Atmospheric Carbon Dioxide Concentrations, Year on Year Percentage Change",Percent,2018M09,0.53,2018
1443,Monthly Atmospheric Carbon Dioxide Concentrations,Parts Per Million,2018M10,406.19,2018
1444,"Monthly Atmospheric Carbon Dioxide Concentrations, Year on Year Percentage Change",Percent,2018M10,0.59,2018
1445,Monthly Atmospheric Carbon Dioxide Concentrations,Parts Per Million,2018M11,408.21,2018
1446,"Monthly Atmospheric Carbon Dioxide Concentrations, Year on Year Percentage Change",Percent,2018M11,0.72,2018
1447,Monthly Atmospheric Carbon Dioxide Concentrations,Parts Per Million,2018M12,409.27,2018
1448,"Monthly Atmospheric Carbon Dioxide Concentrations, Year on Year Percentage Change",Percent,2018M12,0.56,2018
1449,Monthly Atmospheric Carbon Dioxide Concentrations,Parts Per Million,2019M01,411.03,2019
1450,"Monthly Atmospheric Carbon Dioxide Concentrations, Year on Year Percentage Change",Percent,2019M01,0.71,2019
1451,Monthly Atmospheric Carbon Dioxide Concentrations,Parts Per Million,2019M02,411.96,2019
1452,"Monthly Atmospheric Carbon Dioxide Concentrations, Year on Year Percentage Change",Percent,2019M02,0.84,2019
1453,Monthly Atmospheric Carbon Dioxide Concentrations,Parts Per Million,2019M03,412.18,2019
1454,"Monthly Atmospheric Carbon Dioxide Concentrations, Year on Year Percentage Change",Percent,2019M03,0.63,2019
1455,Monthly Atmospheric Carbon Dioxide Concentrations,Parts Per Million,2019M04,413.54,2019
1456,"Monthly Atmospheric Carbon Dioxide Concentrations, Year on Year Percentage Change",Percent,2019M04,0.75,2019
1457,Monthly Atmospheric Carbon Dioxide Concentrations,Parts Per Million,2019M05,414.86,2019
1458,"Monthly Atmospheric Carbon Dioxide Concentrations, Year on Year Percentage Change",Percent,2019M05,0.83,2019
1459,Monthly Atmospheric Carbon Dioxide Concentrations,Parts Per Million,2019M06,414.15,2019
1460,"Monthly Atmospheric Carbon Dioxide Concentrations, Year on Year Percentage Change",Percent,2019M06,0.77,2019
1461,Monthly Atmospheric Carbon Dioxide Concentrations,Parts Per Million,2019M07,411.96,2019
1462,"Monthly Atmospheric Carbon Dioxide Concentrations, Year on Year Percentage Change",Percent,2019M07,0.75,2019
1463,Monthly Atmospheric Carbon Dioxide Concentrations,Parts Per Million,2019M08,410.17,2019
1464,"Monthly Atmospheric Carbon Dioxide Concentrations, Year on Year Percentage Change",Percent,2019M08,0.74,2019
1465,Monthly Atmospheric Carbon Dioxide Concentrations,Parts Per Million,2019M09,408.76,2019
1466,"Monthly Atmospheric Carbon Dioxide Concentrations, Year on Year Percentage Change",Percent,2019M09,0.75,2019
1467,Monthly Atmospheric Carbon Dioxide Concentrations,Parts Per Million,2019M10,408.74,2019
1468,"Monthly Atmospheric Carbon Dioxide Concentrations, Year on Year Percentage Change",Percent,2019M10,0.63,2019
1469,Monthly Atmospheric Carbon Dioxide Concentrations,Parts Per Million,2019M11,410.47,2019
1470,"Monthly Atmospheric Carbon Dioxide Concentrations, Year on Year Percentage Change",Percent,2019M11,0.55,2019
1471,Monthly Atmospheric Carbon Dioxide Concentrations,Parts Per Million,2019M12,411.97,2019
1472,"Monthly Atmospheric Carbon Dioxide Concentrations, Year on Year Percentage Change",Percent,2019M12,0.66,2019
